target,model,features,n,positives,roc_auc,average_precision,threshold,sensitivity,specificity,ppv,npv,tp,fp,tn,fn,accuracy,brier,seconds
any_rejection,catboost_all_depth4,758,263,174,0.9762366008007233,0.9864819834798964,0.8765880870219778,0.9022988505747126,0.9438202247191011,0.9691358024691358,0.8316831683168316,157,5,84,17,0.9163498098859315,0.049376691806132564,7.634200811386108
any_rejection,catboost_all_depth6,758,263,174,0.9759137285289939,0.9865987525416958,0.9161182310758544,0.9022988505747126,0.9438202247191011,0.9691358024691358,0.8316831683168316,157,5,84,17,0.9163498098859315,0.05170256741594563,25.294002771377563
any_rejection,catboost_top50,50,263,174,0.9552499031383185,0.9719030938471847,0.6733963300170019,0.9022988505747126,0.9101123595505618,0.9515151515151515,0.826530612244898,157,8,81,17,0.9049429657794676,0.06485681669064194,0.7388920783996582
any_rejection,catboost_top200,200,263,174,0.9743639416246932,0.9865404113021079,0.8078732901642686,0.9022988505747126,0.9325842696629213,0.9631901840490797,0.83,157,6,83,17,0.9125475285171103,0.05475314347531297,2.2988319396972656
any_rejection,logistic_all,758,263,174,0.9696500064574454,0.9799762951522917,0.8536733723106492,0.9022988505747126,0.9325842696629213,0.9631901840490797,0.83,157,6,83,17,0.9125475285171103,0.05742518633645575,0.04556083679199219
any_rejection,logistic_top50,50,263,174,0.9500839467906497,0.9723156219038659,0.6451950811567888,0.9022988505747126,0.9101123595505618,0.9515151515151515,0.826530612244898,157,8,81,17,0.9049429657794676,0.0733852099424243,0.030452728271484375
any_rejection,extra_trees,758,263,174,0.9720392612682422,0.9844594046697168,0.7340416666666668,0.9022988505747126,0.9325842696629213,0.9631901840490797,0.83,157,6,83,17,0.9125475285171103,0.05591888441988806,1.2730731964111328
any_rejection,hist_boosting,758,263,174,0.9718455379052047,0.9833477835489737,0.9017780974136883,0.9022988505747126,0.9325842696629213,0.9631901840490797,0.83,157,6,83,17,0.9125475285171103,0.053937129593164636,1.0279059410095215
any_rejection,single_gene_IFNG,1,263,174,0.8132506780317705,0.8840536485154652,0.5207579856992155,0.9022988505747126,0.5730337078651685,0.8051282051282052,0.75,157,38,51,17,0.7908745247148289,0.15789787015907494,0.010507345199584961
antibody_mediated_component,catboost_all_depth4,758,263,88,0.962857142857143,0.9503888547299291,0.25980267919979405,0.9090909090909091,0.9314285714285714,0.8695652173913043,0.9532163742690059,80,12,163,8,0.9239543726235742,0.058876477377382976,8.545638799667358
antibody_mediated_component,catboost_all_depth6,758,263,88,0.9662337662337662,0.9562229564891294,0.28974403910876173,0.9090909090909091,0.9371428571428572,0.8791208791208791,0.9534883720930233,80,11,164,8,0.9277566539923955,0.054243647552686215,26.06904101371765
antibody_mediated_component,catboost_top50,50,263,88,0.9592207792207793,0.9421982283358232,0.28508151442773133,0.9090909090909091,0.9085714285714286,0.8333333333333334,0.9520958083832335,80,16,159,8,0.908745247148289,0.06745026507619203,0.7112510204315186
antibody_mediated_component,catboost_top200,200,263,88,0.9634415584415584,0.9525772188416114,0.20023064685477435,0.9090909090909091,0.9142857142857143,0.8421052631578947,0.9523809523809523,80,15,160,8,0.9125475285171103,0.05886166265261119,2.284302234649658
antibody_mediated_component,logistic_all,758,263,88,0.9550649350649351,0.9469132546909218,0.13621023585223427,0.9090909090909091,0.8628571428571429,0.7692307692307693,0.949685534591195,80,24,151,8,0.8783269961977186,0.059537402648652295,0.045783281326293945
antibody_mediated_component,logistic_top50,50,263,88,0.9566233766233766,0.9389740115079177,0.2201177363823937,0.9090909090909091,0.84,0.7407407407407407,0.9483870967741935,80,28,147,8,0.8631178707224335,0.07144848973406781,0.029538631439208984
antibody_mediated_component,extra_trees,758,263,88,0.9647402597402598,0.9533539908878583,0.3705000000000001,0.9090909090909091,0.9371428571428572,0.8791208791208791,0.9534883720930233,80,11,164,8,0.9277566539923955,0.06973364962901352,1.2540841102600098
antibody_mediated_component,hist_boosting,758,263,88,0.9702597402597402,0.9620561467559516,0.18467996290376248,0.9090909090909091,0.9257142857142857,0.8602150537634409,0.9529411764705882,80,13,162,8,0.9201520912547528,0.05132166103872837,1.0295541286468506
antibody_mediated_component,single_gene_IFNG,1,263,88,0.566103896103896,0.3427580613352652,0.33014959055765836,0.9090909090909091,0.3657142857142857,0.418848167539267,0.8888888888888888,80,111,64,8,0.5475285171102662,0.22178694090023215,0.008510828018188477
t_cell_mediated_component,catboost_all_depth4,758,263,105,0.9508740204942736,0.8888639325639259,0.5048651647359682,0.9047619047619048,0.9430379746835443,0.9134615384615384,0.9371069182389937,95,9,149,10,0.9277566539923955,0.07510435818062758,8.192007064819336
t_cell_mediated_component,catboost_all_depth6,758,263,105,0.9535262206148283,0.9031205230697894,0.4426256379923145,0.9047619047619048,0.9240506329113924,0.8878504672897196,0.9358974358974359,95,12,146,10,0.9163498098859315,0.07251785716211313,25.960699796676636
t_cell_mediated_component,catboost_top50,50,263,105,0.9302591922845087,0.8871235666497596,0.2377474218181382,0.9047619047619048,0.7974683544303798,0.7480314960629921,0.9264705882352942,95,32,126,10,0.8403041825095057,0.10086007372178397,0.6824676990509033
t_cell_mediated_component,catboost_top200,200,263,105,0.9407474382157927,0.8902144764098228,0.3617051326123971,0.9047619047619048,0.8481012658227848,0.7983193277310925,0.9305555555555556,95,24,134,10,0.870722433460076,0.09310389969303755,2.2933948040008545
t_cell_mediated_component,logistic_all,758,263,105,0.9388185654008439,0.8683765574884503,0.25701719050682653,0.9047619047619048,0.8481012658227848,0.7983193277310925,0.9305555555555556,95,24,134,10,0.870722433460076,0.09249965614970854,0.0512394905090332
t_cell_mediated_component,logistic_top50,50,263,105,0.9362266425557565,0.8808128836208192,0.3399741215572448,0.9047619047619048,0.8164556962025317,0.7661290322580645,0.9280575539568345,95,29,129,10,0.8517110266159695,0.10084743730371822,0.025020599365234375
t_cell_mediated_component,extra_trees,758,263,105,0.9472573839662447,0.9072863291386342,0.4369166666666666,0.9047619047619048,0.9240506329113924,0.8878504672897196,0.9358974358974359,95,12,146,10,0.9163498098859315,0.0884849547884981,1.2739267349243164
t_cell_mediated_component,hist_boosting,758,263,105,0.9472573839662448,0.8882841756248628,0.31663559400424857,0.9047619047619048,0.8924050632911392,0.8482142857142857,0.9337748344370861,95,17,141,10,0.8973384030418251,0.08293293009596366,1.0512518882751465
t_cell_mediated_component,single_gene_IFNG,1,263,105,0.809764918625678,0.7887438272237647,0.16399871399211766,0.9047619047619048,0.36075949367088606,0.4846938775510204,0.8507462686567164,95,101,57,10,0.5779467680608364,0.16594669998186368,0.00851297378540039
