gene,importance
GBP4,9.00923058173156
BK  large T Ag,5.038100260394733
BK  VP1,3.8523447584561485
GBP5,3.570645390810641
PLA1A,3.082208434906029
NLRC5,2.8588612628377614
CXCL9,2.674301178120368
CXCL8,2.6650668977025602
CXCL11,2.483429423969893
WARS,2.3882447471532817
LCN2,2.3197482298143575
KIT,2.0483712418327142
CCL19,2.041139861841383
HLA-B,1.8554540959585732
CXCL1/2,1.6979059095281632
KLRK1,1.4021052454567895
MMP14,1.3582514821845848
IL1R1,1.1910672452664606
HLA-F,1.0991051835696095
TNFRSF1B,1.0137420206670222
PDGFRB,0.9937426553924871
IFNAR1,0.9889595783750745
HLA-C,0.9847918943029149
NCAM1,0.8245596149560821
EHD3,0.7790945531268881
LGALS3,0.7415224684274775
PRF1,0.7358884909989553
IMPDH2,0.7150177799642099
IL2RB,0.7133597409220406
KLRB1,0.7011163443255125
KIR_Inhibiting_Subgroup_1,0.6329467875678738
SMAD3,0.6134123009679946
ST5,0.5415511981704414
TAP1,0.5376482821820616
IL21R,0.5253975580474681
SH2D1B,0.4623211248864726
GNG11,0.4425423623683162
IKZF1,0.4160018987345633
PLAT,0.41216124038715757
SLAMF6,0.410004727789419
IL33,0.40359927299000603
AIM2,0.3802143533175066
IGHM,0.3597018873809521
CMV UL83,0.3354858799177467
MMP9,0.3333878349441123
TNFRSF9,0.33312924863373394
TGFBR1,0.33107504592064385
MAPK11,0.32763567096405727
APOL2,0.32129654537204994
SMARCA4,0.3198448101636026
CCL18,0.3179126094313006
AHR,0.30303580964552157
PLAUR,0.299585736683821
RAMP3,0.2973948816863475
CD58,0.2931370939405015
STAT4,0.2922877885624971
P2RX4,0.2800721114799169
IL1RAP,0.2776046430542694
RORA,0.2762527870371826
PTPN22,0.2758714701198368
IFIT1,0.2718208256797767
MYL9,0.268050282262395
MAPK14,0.2673106876678585
TRDC,0.26303424938480563
TANK,0.2611503395914741
NCR1,0.2551659298977499
C1S,0.25440514239055767
OSMR,0.2526310471799432
MX2,0.24805352696207497
RGS5,0.24525421054146396
IL1B,0.23926544137337158
MIR155HG,0.23833554955762395
HLA-DPA1,0.23804760621848509
TNFAIP3,0.23510949940861423
TLR2,0.2344717667749724
JAK2,0.2310524812610408
NLRP3,0.23093254909789743
IFI30,0.22522108624427886
HSD11B1,0.22383501388093663
CDH13,0.22318734230109172
CD59,0.2154235015038533
IL10RA,0.2144913836437149
CCR5,0.21193443776018092
ISG20,0.20666151921977918
DNMT1,0.20446882146959372
TNFRSF18,0.20411625514338283
SELL,0.20103448447301048
SELPLG,0.19704315953576657
CD81,0.19572479575925894
PIK3CG,0.19341627302706682
CD38,0.19123591115000266
TPMT,0.18678465327203347
LCK,0.18631360320355062
CD1D,0.18516227079796369
CSF1,0.18495879453201622
ARG2,0.18284334193103238
SYK,0.1827235946608118
TFF3,0.18056522327211869
TAPBP,0.18027389039600014
BCL3,0.17871260462970603
CIITA,0.17832805829538947
TNFRSF17,0.17768947462773615
ZAP70,0.17750374378542655
IL1RL1,0.17648125508450666
FABP1,0.17537289689647587
EGFR,0.17222844283003988
HLA-DQB1,0.17115943848579007
FYN,0.1707885560027758
HK2,0.16974252842786564
CXCR4,0.16137876624812264
PLAAT4,0.1581300523491797
CD55,0.1572591310883584
CX3CL1,0.15724014909837863
KLRF1,0.15532591606019483
BCL2A1,0.15491292464511217
INPP5D,0.1535482760945129
FCGR3A/B,0.1530124358475495
TYK2,0.15152780458109888
LCP2,0.14394868527653235
IFITM3,0.14381485693838975
TCF7,0.14356134364513243
TNFSF10,0.14269608633828115
PSMB10,0.1420077761466645
HLA-DRA,0.13941871511312914
AQP1,0.13845859020285634
ARRB2,0.13701888437077725
HNF1A,0.13660315044917784
SLC11A1,0.13587379963893184
SLA,0.13378504948657444
CFB,0.1329957689852281
IL1A,0.12878672862507448
VCAN,0.12683646297835455
TFRC,0.12633150741080343
IL23R,0.12604867630610267
B3GAT1,0.12570463283598138
TGFBI,0.12489588648557258
FCER1G,0.12070319245657153
MET,0.11939388706928837
ADAMDEC1,0.117622583526553
CFH,0.11723542183770587
NKG7,0.11698121537855026
IGF1,0.1166125587122194
CD74,0.11631219172662556
SLAMF8,0.11619155777391227
TEK,0.11569039491866158
TIGIT,0.11430846752763683
SFTPC,0.11389535089898692
CTNNB1,0.11370300171605441
GAPDH,0.1133301971439884
LTF,0.11266638443857384
CD47,0.11254093612406649
CFLAR,0.10768268281586088
HLA-DMA,0.10696245242483464
SERPINA3,0.10644006664137148
RASIP1,0.10557795009900886
SOCS3,0.10455449178281642
BMP7,0.1035320815799061
PSMB8,0.10311485708018868
GBP2,0.10214051021484881
NPHS1,0.10205466419891553
EBI3,0.10067015144396953
IL12B,0.10012620417260149
HLA-DPB1,0.09954551318993494
CHCHD10,0.09533480992977612
AGR2,0.09523477808341892
HFE,0.09136415516995802
MEF2C,0.09092074060181199
CD86,0.09077644236510908
VSIR,0.0900710626885203
NOS2,0.08959115305376038
IL5,0.08864448099970929
BTK,0.08828119759116232
BST2,0.08794132972445816
TRDN,0.08724124799916658
SELP,0.08710100748002879
HLA-DRB3,0.08663981840167125
KLRD1,0.08605468027522545
ABCB1,0.08561373982852502
RAPGEF5,0.08465101781313174
TLR8,0.08438223131551675
TNFRSF14,0.08386922089588923
CCL20,0.08299574932232202
CSF3R,0.0829280692057369
NOTCH2,0.08242468541089318
IL23A,0.08144508158034083
KDR,0.08106858448468854
RASSF9,0.08008224396719023
CTSW,0.07978272446464732
WNT9A,0.0797546110105329
MAPK13,0.07927838544688408
TLR4,0.07885733754637034
SMAD4,0.07863069108144694
CD69,0.07845188597615255
KIR_Inhibiting_Subgroup_2,0.07842574585088173
IL18RAP,0.07605634469660634
CXCR6,0.07586684560044964
DNMT3A,0.07547131904893295
EBV LMP2,0.07459218356255325
PALMD,0.07452444692062203
ALAS1,0.07401222744700801
IL21,0.07338608437133408
CCR1,0.07233535698187643
HPRT1,0.07184631193174769
SOD2,0.07137876988532915
IFI27,0.07118770976816886
CD6,0.06977821211283237
CCL5,0.0695848774704073
BTLA,0.06912874047764869
TBX21,0.06884756602008005
LAG3,0.0687714813738427
RAB40C,0.06846260809292767
MAPK12,0.0681874107296031
CD14,0.06735448734490891
PECAM1,0.06670038387664949
PSME2,0.06477146712201748
IGHA1,0.06448728466893751
MMRN2,0.06355875997421816
KLRC1,0.06326908854926099
C3,0.06313048803948247
IFI6,0.06227067885102175
IGHG2,0.06141756078691698
ANKRD1,0.0609335222050793
ACVR1,0.06090265375915185
CCL3/L1,0.06063522635383131
IFNGR1,0.06062707442711609
SFTPD,0.060045433583051595
CD7,0.059249560152850114
CD8B,0.05911580116317675
HEG1,0.058577907260409186
CTSS,0.05826320082722402
GBP1,0.05793525216579024
SCGB1A1,0.05756843995040764
GATA3,0.05748102987431242
CD96,0.05744645553985999
CD48,0.057247339786257304
FOSL1,0.05619382129859011
TNFSF18,0.05497646261156494
DUSP2,0.054909692856287697
FCGR2A,0.053794329803063604
OASL,0.05362191701819904
ICAM2,0.052989422615455646
FJX1,0.0524699059593124
IL4,0.051949105652583635
SOCS1,0.051603770547624495
SLAMF7,0.05017007529439597
ATF3,0.05013526561296699
GIMAP5,0.05006306367121498
GNLY,0.049902470964338905
HLA-A,0.04871648802573999
NPPA,0.04863726985501386
CASP8,0.04732466834494329
CSF3,0.045663697607220964
COL1A1,0.04485663124097
C5AR1,0.04356769065142457
NOTCH1,0.04344577889185961
COL4A1,0.04310034074193088
CCR6,0.04291949834715435
TAP2,0.04281592547735565
PSME1,0.042792521042120606
SKI,0.04274624418172561
ABCC2,0.04264666914563701
CTLA4,0.04207329682914566
OR2I1P,0.04181292697523741
AKR1C3,0.04161527834825477
ITGB2,0.0412470394666312
CETP,0.04107245387517316
LY96,0.04106862610149217
CSF2RB,0.040444992698275554
LRRC32,0.039696273162672234
MALL,0.03958006714623913
ITGAM,0.03953545044486483
IL10RB,0.03943257474794437
TIMP1,0.03930839974697481
FCGR1A,0.03906329668513637
COL4A4,0.038994682181173225
LYVE1,0.038507524191468974
AQP2,0.03779932823420863
MX1,0.0377528058826943
RPL19,0.03725922137942875
FADD,0.03680379207891643
PLK2,0.03635556971518804
LTBR,0.03621091753640229
XAF1,0.035954661470380525
BMPER,0.035513093758793544
CD8A,0.03522862986952906
IGHG1,0.03511241773280156
RHOU,0.03503050010710085
AGR3,0.03478374692058817
ANXA1,0.03453182758301796
HDAC6,0.0344991214003664
HYAL1,0.0344328827237614
MMP12,0.03389448977365325
KIR3DL1,0.033048243207239675
PTPRO,0.03281600236745337
ALOX15,0.032591187973440044
IL2RG,0.0325210922180174
CCL21,0.03246876496024401
ICAM1,0.03203168946897795
COL4A5,0.03159804948486641
LST1,0.03142430635210582
IRF1,0.030789208970294874
IFITM2,0.029734488170399802
PADI4,0.02960828673464701
GZMB,0.02949288574254658
TNF,0.029262784659563026
CD247,0.029207001171672797
CCR2,0.028642531019935583
STAT5B,0.028616482411159005
JUN,0.028392963356248926
PPP3CA,0.028247586873445776
CD160,0.027298646105253392
AICDA,0.027242004349849212
ENG,0.026559502783098373
NFIL3,0.026442772023895868
KLRG1,0.026129449786982215
RELB,0.02598660395389556
PTPN6,0.025855957806432746
CD40,0.025674543204229752
IRF7,0.025463376749856454
SIGLEC5,0.024738012535122266
SMAD2,0.02469546773687798
TGFB1,0.024462895987527537
SEMA7A,0.02339336727572196
ADAM8,0.023104709754343672
SAMHD1,0.022720856563002753
ADAMTS1,0.022679036416255894
LHX6,0.022614300229029376
VCAM1,0.022569615934227044
MICA,0.022407022109836177
MRC1,0.022019926405159856
POU2AF1,0.021693136951096533
FCER1A,0.021216059984409966
CASP3,0.020394705828328835
TRAF4,0.020113803655307957
IL13,0.019891203490510736
BASP1,0.019858081381904393
APOLD1,0.019788521475836356
FOS,0.019493635901539113
KLHL13,0.01941043684445046
FASLG,0.018974024821344523
CD209,0.01856753019502195
SOX7,0.018462621079933697
TNC,0.01768820701645032
STAT5A,0.017485797992871695
TRIM22,0.01735626374037565
CXCL13,0.01707962986661966
TGIF1,0.01682282116170422
COL4A3,0.016566085926316095
VWF,0.016491963735862748
CCL4,0.016352837712383793
CD2,0.01601645860622629
SOST,0.015954851339024644
GZMA,0.01488957383455852
BRWD1,0.014536871001241214
IL1R2,0.014265583425079253
CD19,0.014092943008105922
CD68,0.014060399412561975
TIPARP,0.01312972263119737
PDGFA,0.012904311325722465
DDX50,0.012486044171066609
CD83,0.012015417448896748
ERRFI1,0.011792619572553467
HIF1A,0.011720045685539485
MCM6,0.011602105241433883
BATF,0.011329166934518195
CDH5,0.011200413370660288
RORC,0.011123734416614317
SHROOM3,0.010965214108088676
CFI,0.010591193616165347
INHBC,0.010086837185865404
CSF2,0.009376365773179659
TLR9,0.009273057264787023
CD80,0.008162488271835815
NFKBIZ,0.007888942792745456
SLC4A1,0.0076694942239380805
CPA3,0.007649658172937847
THEMIS,0.00732421524669247
COL13A1,0.007151916676119072
RAG2,0.006815949123682978
XBP1,0.0067133082078072465
PTGS2,0.006640635164974406
SIRPG,0.006380234851790279
TRAT1,0.0062302355534114475
PDCD1,0.006226762820374986
IRF4,0.006082646570919432
COL3A1,0.005954036679025751
GZMK,0.005881608540182467
IGHG3,0.005769448790307462
LAIR1,0.005423109580431622
CD3D,0.005155633038492609
CALHM6,0.0051452194032379295
C9,0.0048387167788931755
CAV1,0.004459199445021467
STAT3,0.004017452193616134
CD207,0.003941844128253329
IGLC1,0.003743841868926899
MAPK3,0.0033791277753629587
IRS1,0.0032965209033954863
CD274,0.0032409734478797774
TNFSF9,0.002831000183944203
NOD2,0.002546381304730511
CD27,0.0021431001399865135
FLT3,0.00206253341369014
IFNG,0.0019553093538684876
S100B,0.0019163244512526447
IGFBP1,0.0019157876031631136
CCL22,0.0018996294708412713
PIN1,0.0018760652682312045
CD84,0.0017919689112119623
KLF2,0.001683580829316013
PRDM1,0.001650218488206409
HAVCR2,0.0015927152342032653
CDKN1A,0.0014595494439841605
IGFL1,0.0014208029505394489
EDA,0.0009160405757528608
FAM30A,0.0007190626515174002
ALDH3A2,0.0006608126579366771
MAP3K1,0.0006398983202812087
EPO,0.0005866664781275919
MYBL1,0.0004760130443171352
THBS1,0.0003712285930396456
LRP2,0.00029914996951507187
TLR7,0.00025548505905113395
SLC25A15,0.0002446761738477928
KIR3DL2,0.00023768867130621
CD28,0.0
IFNGR2,0.0
SERTAD1,0.0
LIF,0.0
FN1,0.0
PVR,0.0
IL2,0.0
IL17F,0.0
IL17RA,0.0
IL15,0.0
TLR3,0.0
LOX,0.0
RHOJ,0.0
IRF6,0.0
BMP4,0.0
EMP3,0.0
IL27RA,0.0
MS4A4A,0.0
AGT,0.0
TGFBR2,0.0
PAX5,0.0
BCL2L1,0.0
TNFSF4,0.0
FKBP1A,0.0
CITED4,0.0
ACTA2,0.0
F3,0.0
RPS6KB1,0.0
NFATC2,0.0
MYB,0.0
NPDC1,0.0
ABCE1,0.0
ADORA2A,0.0
CD82,0.0
MT2A,0.0
SLC12A3,0.0
ABCA1,0.0
PSTPIP1,0.0
SFTPB,0.0
CD24,0.0
RXRA,0.0
CD45R0,0.0
MEGF11,0.0
IDO1,0.0
ASB15,0.0
VEGFA,0.0
IL18BP,0.0
CRP,0.0
NOX4,0.0
AGER,0.0
EZH2,0.0
ACVRL1,0.0
CH25H,0.0
NFKBIA,0.0
CD70,0.0
NFATC1,0.0
BCL2L11,0.0
SLPI,0.0
LDLR,0.0
SDC1,0.0
PPM1F,0.0
MICB,0.0
CXCL2,0.0
IL12RB1,0.0
PSMB9,0.0
CX3CR1,0.0
NFKB2,0.0
AXL,0.0
TM4SF1,0.0
TMEM178A,0.0
FPR1,0.0
CXCL16,0.0
LILRB2,0.0
HYAL2,0.0
PDPN,0.0
JAK3,0.0
IKZF2,0.0
PF4,0.0
TRIB1,0.0
LILRB4,0.0
MS4A2,0.0
BDNF,0.0
NFKB1,0.0
IL6,0.0
MERTK,0.0
BMP2,0.0
MPIG6B,0.0
HLA-E,0.0
MAPK8,0.0
NPHS2,0.0
CXCL14,0.0
RNF149,0.0
PROX1,0.0
SFTPA2,0.0
LEF1,0.0
CHUK,0.0
RAF1,0.0
CD5,0.0
SERPINE1,0.0
EGR1,0.0
BLNK,0.0
CCL13,0.0
ARG1,0.0
IL1RN,0.0
SLC19A3,0.0
FCRL2,0.0
CMKLR1,0.0
S1PR1,0.0
BMPR1A,0.0
B2M,0.0
IL6R,0.0
CLEC4C,0.0
SLC22A2,0.0
MT1A,0.0
IFNAR2,0.0
CCR7,0.0
HLA-DQA1,0.0
MYOM2,0.0
TNFSF8,0.0
MASP2,0.0
FOXO1,0.0
TOX2,0.0
HMGB1,0.0
C5,0.0
MAF,0.0
MS4A7,0.0
RGN,0.0
HSP90AA1,0.0
TLR5,0.0
NOS3,0.0
LILRB1,0.0
HLA-DRB1,0.0
RELA,0.0
MEOX1,0.0
IL17RB,0.0
SMAD5,0.0
AIRE,0.0
CASP1,0.0
PTGER4,0.0
HDC,0.0
DEFB1,0.0
TP53,0.0
BMP6,0.0
IL12RB2,0.0
IFITM1,0.0
IL16,0.0
TNFSF14,0.0
EPAS1,0.0
HAVCR1,0.0
FCGR2B,0.0
TNFRSF4,0.0
TNFAIP6,0.0
PNOC,0.0
IER5,0.0
SP140,0.0
SP100,0.0
IFI44,0.0
IKBKB,0.0
APOE,0.0
SERINC5,0.0
BAX,0.0
MASP1,0.0
MS4A6A,0.0
CD3E,0.0
LAP3,0.0
CRIP2,0.0
ICOS,0.0
CXCL12,0.0
PSEN1,0.0
IL17A,0.0
ST8SIA4,0.0
ISG15,0.0
CEACAM3,0.0
MTOR,0.0
IRF8,0.0
BIRC3,0.0
SPIB,0.0
ANKRD22,0.0
KRT8,0.0
CXCL5,0.0
BLK,0.0
LTA,0.0
LTB,0.0
MCAM,0.0
PDCD1LG2,0.0
IL18,0.0
SRC,0.0
HLA-G,0.0
IKBKG,0.0
IMPDH1,0.0
FGD2,0.0
CXCL10,0.0
S100A9,0.0
CGAS,0.0
ZEB1,0.0
IL7R,0.0
KRT19,0.0
PPBP,0.0
APOL1,0.0
LAYN,0.0
HSPA12B,0.0
PTPRC,0.0
IL6ST,0.0
ALOX5,0.0
THBD,0.0
BCL6,0.0
SIGIRR,0.0
CCR4,0.0
TM4SF18,0.0
EOMES,0.0
CD276,0.0
IL2RA,0.0
CD72,0.0
BCL2,0.0
MME,0.0
PTX3,0.0
PTPN2,0.0
XCL1/2,0.0
KAAG1,0.0
IL17RC,0.0
UMOD,0.0
IL12A,0.0
IL7,0.0
KITLG,0.0
KLF4,0.0
SERPING1,0.0
PTPN7,0.0
CD22,0.0
NR4A1,0.0
HDAC3,0.0
CCR3,0.0
ITGA4,0.0
ICOSLG,0.0
CCL2,0.0
AREG,0.0
AOAH,0.0
IFNA1,0.0
CD34,0.0
IL27,0.0
FOXP3,0.0
TRAF6,0.0
SPRY4,0.0
TRDV3,0.0
ROBO4,0.0
ECSCR,0.0
C1QA,0.0
CD244,0.0
ITGAX,0.0
CD46,0.0
C3AR1,0.0
TBK1,0.0
S100A12,0.0
RARRES1,0.0
ERG,0.0
TGFB2,0.0
FGFBP2,0.0
JAK1,0.0
CD4,0.0
TNFRSF1A,0.0
MYC,0.0
BATF3,0.0
IGKC,0.0
CTSL,0.0
EEF1A1,0.0
CASP4,0.0
C1QB,0.0
RUNX1,0.0
GZMH,0.0
CD3G,0.0
IL22,0.0
CD45RB,0.0
CARD8,0.0
DCAF12,0.0
GDF15,0.0
ATXN3,0.0
RTN4,0.0
REL,0.0
TCL1A,0.0
TPSAB1/B2,0.0
ITGB6,0.0
MARCH8.,0.0
IGF2R,0.0
GEMIN7,0.0
FCAR,0.0
KIR_Activating_Subgroup_1,0.0
CXCR5,0.0
MIF,0.0
MUC1,0.0
IL10,0.0
NPPB,0.0
MBP,0.0
ACKR1,0.0
VEGFC,0.0
CCR10,0.0
PLAU,0.0
MS4A1,0.0
CXCR3,0.0
SH2D1A,0.0
HLA-DMB,0.0
PHEX,0.0
EVA1C,0.0
CRHBP,0.0
TREM1,0.0
NFAM1,0.0
CCL15,0.0
MYD88,0.0
CD44,0.0
SELE,0.0
CD79A,0.0
RPS6,0.0
CD45RA,0.0
ATM,0.0
S100A8,0.0
BMPR1B,0.0
NNMT,0.0
CARD16,0.0
CD40LG,0.0
CD163,0.0
STAT6,0.0
FAS,0.0
LAMP1,0.0
VMP1,0.0
BTG2,0.0
ARHGDIB,0.0
CR1,0.0
ADGRL4,0.0
STAT1,0.0
KIR_Activating_Subgroup_2,0.0
IGHG4,0.0
IL4R,0.0
IGF1R,0.0
NOD1,0.0
PIK3CD,0.0
