model,field,group,n,positives,negatives,prevalence,threshold,tp,fn,fp,tn,sensitivity,specificity,ppv,npv,accuracy,roc_auc,average_precision,brier,mean_score,No Rejection,Antibody-mediated Rejection,T cell-mediated Rejection,Mixed Rejection,miss_rate,false_flag_rate,miss_wilson_lower,miss_wilson_upper,false_flag_wilson_lower,false_flag_wilson_upper
catboost_all_depth4,Date,20211130,91,48,43,0.5274725274725275,0.8765880870219778,39,9,5,38,0.8125,0.8837209302325582,0.8863636363636364,0.8085106382978723,0.8461538461538461,0.9481589147286821,0.9554675797975628,0.11146216650525388,0.5585038062638328,43,16,26,6,0.1875,0.11627906976744186,0.10191390954847647,0.31939867149284695,0.05070427739804166,0.24479161810082128
catboost_all_depth4,Date,20211201,43,21,22,0.4883720930232558,0.8765880870219778,17,4,0,22,0.8095238095238095,1.0,1.0,0.8461538461538461,0.9069767441860465,0.9826839826839827,0.9833012915311052,0.06533711730181532,0.5168585845172178,22,6,13,2,0.19047619047619047,0.0,0.07667565052761793,0.40000564690204926,0.0,0.14865487460862087
catboost_all_depth4,Date,20211202,43,21,22,0.4883720930232558,0.8765880870219778,18,3,2,20,0.8571428571428571,0.9090909090909091,0.9,0.8695652173913043,0.8837209302325582,0.9610389610389609,0.9669899386146528,0.11402632383056965,0.5568190737029933,22,7,13,1,0.14285714285714285,0.09090909090909091,0.04981012499725268,0.34636060280620945,0.025295428990995267,0.27814946841605814
catboost_all_depth4,Date,20211203,42,21,21,0.5,0.8765880870219778,18,3,0,21,0.8571428571428571,1.0,1.0,0.875,0.9285714285714286,0.9977324263038548,0.997835497835498,0.02457718097702283,0.5244685083069439,21,8,11,2,0.14285714285714285,0.0,0.04981012499725268,0.34636060280620945,0.0,0.154639018924847
catboost_all_depth4,Date,20211210,45,24,21,0.5333333333333333,0.8765880870219778,22,2,0,21,0.9166666666666666,1.0,1.0,0.9130434782608695,0.9555555555555556,0.9880952380952381,0.9907142857142857,0.05588173424914977,0.5498494821905965,21,7,15,2,0.08333333333333333,0.0,0.023158815297043306,0.25848802193210685,0.0,0.154639018924847
catboost_all_depth4,Date,20211216,47,28,19,0.5957446808510638,0.8765880870219778,26,2,0,19,0.9285714285714286,1.0,1.0,0.9047619047619048,0.9574468085106383,0.9981203007518797,0.9987684729064038,0.018979759612496143,0.5920956877053735,19,8,15,5,0.07142857142857142,0.0,0.019812064115305755,0.22645362568399052,0.0,0.16817922405261626
catboost_all_depth4,Date,20211221,34,6,28,0.17647058823529413,0.8765880870219778,4,2,1,27,0.6666666666666666,0.9642857142857143,0.8,0.9310344827586207,0.9117647058823529,0.8154761904761905,0.78125,0.1386777910293555,0.2957956537061471,28,4,2,0,0.3333333333333333,0.03571428571428571,0.09677141110578041,0.700006684861608,0.0063325198490377516,0.1771219774335332
catboost_all_depth4,CartridgeID,V20211130-G001-1,11,6,5,0.5454545454545454,0.8765880870219778,6,0,2,3,1.0,0.6,0.75,1.0,0.8181818181818182,0.9666666666666668,0.976190476190476,0.16892031684916153,0.7227314425058314,5,2,3,1,0.0,0.4,2.7755575615628914e-17,0.3903342879021653,0.11762077423264783,0.769275718723987
catboost_all_depth4,CartridgeID,V20211130-G002-2,11,6,5,0.5454545454545454,0.8765880870219778,3,3,0,5,0.5,1.0,1.0,0.625,0.7272727272727273,0.8666666666666667,0.8972222222222221,0.1622419358728512,0.45231455405242793,5,2,3,1,0.5,0.0,0.1876163064826506,0.8123836935173494,0.0,0.43448246478317476
catboost_all_depth4,CartridgeID,V20211130-G003-3,11,5,6,0.45454545454545453,0.8765880870219778,4,1,2,4,0.8,0.6666666666666666,0.6666666666666666,0.8,0.7272727272727273,0.8666666666666667,0.8528571428571428,0.19118002080961255,0.5968799803413225,6,2,3,0,0.2,0.3333333333333333,0.03622410863243014,0.6244653702374747,0.09677141110578041,0.700006684861608
catboost_all_depth4,CartridgeID,V20211130-G004-4,12,7,5,0.5833333333333334,0.8765880870219778,7,0,0,5,1.0,1.0,1.0,1.0,1.0,1.0,0.9999999999999998,0.0007713088149895507,0.5861351546164678,5,2,4,1,0.0,0.0,5.551115123125783e-17,0.35433043506668743,0.0,0.43448246478317476
catboost_all_depth4,CartridgeID,V20211201-G011-1,11,5,6,0.45454545454545453,0.8765880870219778,4,1,0,6,0.8,1.0,1.0,0.8571428571428571,0.9090909090909091,0.9666666666666667,0.9666666666666666,0.061070561566494604,0.5141562258026858,6,2,3,0,0.2,0.0,0.03622410863243014,0.6244653702374747,2.7755575615628914e-17,0.3903342879021653
catboost_all_depth4,CartridgeID,V20211201-G012-2,10,5,5,0.5,0.8765880870219778,5,0,0,5,1.0,1.0,1.0,1.0,1.0,1.0,1.0,0.06943893888018209,0.5883257685266401,5,1,3,1,0.0,0.0,0.0,0.43448246478317476,0.0,0.43448246478317476
catboost_all_depth4,CartridgeID,V20211201-G013-3,11,5,6,0.45454545454545453,0.8765880870219778,4,1,0,6,0.8,1.0,1.0,0.8571428571428571,0.9090909090909091,1.0,1.0,0.004785654412275354,0.4350608084466883,6,2,3,0,0.2,0.0,0.03622410863243014,0.6244653702374747,2.7755575615628914e-17,0.3903342879021653
catboost_all_depth4,CartridgeID,V20211201-G014-4,11,6,5,0.5454545454545454,0.8765880870219778,4,2,0,5,0.6666666666666666,1.0,1.0,0.7142857142857143,0.8181818181818182,0.9666666666666668,0.976190476190476,0.1264262072190698,0.5363885520209858,5,1,4,1,0.3333333333333333,0.0,0.09677141110578041,0.700006684861608,0.0,0.43448246478317476
catboost_all_depth4,CartridgeID,V20211202-G007-1,10,4,6,0.4,0.8765880870219778,3,1,0,6,0.75,1.0,1.0,0.8571428571428571,0.9,1.0,1.0,0.049553176122157525,0.3710364964050709,6,2,2,0,0.25,0.0,0.04558726080970055,0.6993581574175981,2.7755575615628914e-17,0.3903342879021653
catboost_all_depth4,CartridgeID,V20211202-G008-2,12,7,5,0.5833333333333334,0.8765880870219778,7,0,1,4,1.0,0.8,0.875,1.0,0.9166666666666666,1.0,0.9999999999999998,0.08187418595513858,0.6988855519903754,5,2,4,1,0.0,0.2,5.551115123125783e-17,0.35433043506668743,0.03622410863243014,0.6244653702374747
catboost_all_depth4,CartridgeID,V20211202-G009-3,10,4,6,0.4,0.8765880870219778,3,1,1,5,0.75,0.8333333333333334,0.75,0.8333333333333334,0.8,0.9166666666666667,0.9166666666666666,0.17937790987340357,0.5774788914727194,6,1,3,0,0.25,0.16666666666666666,0.04558726080970055,0.6993581574175981,0.030053369748306635,0.5635028221864702
catboost_all_depth4,CartridgeID,V20211202-G010-4,11,6,5,0.5454545454545454,0.8765880870219778,5,1,0,5,0.8333333333333334,1.0,1.0,0.8333333333333334,0.9090909090909091,0.9333333333333333,0.9583333333333333,0.1483028030270202,0.5519490605969367,5,2,4,0,0.16666666666666666,0.0,0.030053369748306635,0.5635028221864702,0.0,0.43448246478317476
catboost_all_depth4,CartridgeID,V20211203-G005-1,9,3,6,0.3333333333333333,0.8765880870219778,3,0,0,6,1.0,1.0,1.0,1.0,1.0,1.0,1.0,0.0005189932844621709,0.33406126305096323,6,2,1,0,0.0,0.0,5.551115123125783e-17,0.5614970317550454,2.7755575615628914e-17,0.3903342879021653
catboost_all_depth4,CartridgeID,V20211203-G006-2,10,6,4,0.6,0.8765880870219778,5,1,0,4,0.8333333333333334,1.0,1.0,0.8,0.9,1.0,1.0,0.07397845389058612,0.6935316026806753,4,2,3,1,0.16666666666666666,0.0,0.030053369748306635,0.5635028221864702,0.0,0.4898908364545973
catboost_all_depth4,CartridgeID,V20211203-G015-3,11,5,6,0.45454545454545453,0.8765880870219778,4,1,0,6,0.8,1.0,1.0,0.8571428571428571,0.9090909090909091,1.0,1.0,0.005128869961824597,0.4422436601798467,6,2,3,0,0.2,0.0,0.03622410863243014,0.6244653702374747,2.7755575615628914e-17,0.3903342879021653
catboost_all_depth4,CartridgeID,V20211203-G016-4,12,7,5,0.5833333333333334,0.8765880870219778,6,1,0,5,0.8571428571428571,1.0,1.0,0.8333333333333334,0.9166666666666666,1.0,0.9999999999999998,0.0192807127490723,0.6017608077206589,5,2,4,1,0.14285714285714285,0.0,0.02567962434474355,0.5131278292743189,0.0,0.43448246478317476
catboost_all_depth4,CartridgeID,V20211209-G017-1,11,5,6,0.45454545454545453,0.8765880870219778,4,1,0,6,0.8,1.0,1.0,0.8571428571428571,0.9090909090909091,1.0,1.0,0.03455468292768037,0.49119944739629956,6,2,2,1,0.2,0.0,0.03622410863243014,0.6244653702374747,2.7755575615628914e-17,0.3903342879021653
catboost_all_depth4,CartridgeID,V20211209-G018-2,12,7,5,0.5833333333333334,0.8765880870219778,7,0,1,4,1.0,0.8,0.875,1.0,0.9166666666666666,0.9714285714285715,0.982142857142857,0.07324091928312594,0.654925112803116,5,2,4,1,0.0,0.2,5.551115123125783e-17,0.35433043506668743,0.03622410863243014,0.6244653702374747
catboost_all_depth4,CartridgeID,V20211209-G019-3,11,5,6,0.45454545454545453,0.8765880870219778,1,4,0,6,0.2,1.0,1.0,0.6,0.6363636363636364,0.7666666666666667,0.7295238095238095,0.2840785194708877,0.37205571120795544,6,2,3,0,0.8,0.0,0.37553462976252533,0.9637758913675698,2.7755575615628914e-17,0.3903342879021653
catboost_all_depth4,CartridgeID,V20211209-G020-4,12,7,5,0.5833333333333334,0.8765880870219778,7,0,0,5,1.0,1.0,1.0,1.0,1.0,1.0,0.9999999999999998,0.000348348297382505,0.5786775558692977,5,2,4,1,0.0,0.0,5.551115123125783e-17,0.35433043506668743,0.0,0.43448246478317476
catboost_all_depth4,CartridgeID,V20211210-G021-1,11,5,6,0.45454545454545453,0.8765880870219778,3,2,0,6,0.6,1.0,1.0,0.75,0.8181818181818182,0.9666666666666667,0.9666666666666666,0.11677133539180225,0.384816841591436,6,2,3,0,0.4,0.0,0.11762077423264783,0.769275718723987,2.7755575615628914e-17,0.3903342879021653
catboost_all_depth4,CartridgeID,V20211210-G022-2,11,6,5,0.5454545454545454,0.8765880870219778,6,0,0,5,1.0,1.0,1.0,1.0,1.0,1.0,1.0,0.0007547160850140789,0.5387352373518848,5,1,4,1,0.0,0.0,2.7755575615628914e-17,0.3903342879021653,0.0,0.43448246478317476
catboost_all_depth4,CartridgeID,V20211210-G023-3,11,6,5,0.5454545454545454,0.8765880870219778,6,0,0,5,1.0,1.0,1.0,1.0,1.0,1.0,1.0,0.04303256292952307,0.6087969068116021,5,2,4,0,0.0,0.0,2.7755575615628914e-17,0.3903342879021653,0.0,0.43448246478317476
catboost_all_depth4,CartridgeID,V20211210-G024-4,12,7,5,0.5833333333333334,0.8765880870219778,7,0,0,5,1.0,1.0,1.0,1.0,1.0,1.0,0.9999999999999998,0.062377773561833855,0.657282321272724,5,2,4,1,0.0,0.0,5.551115123125783e-17,0.35433043506668743,0.0,0.43448246478317476
catboost_all_depth4,CartridgeID,V20211219-G025-1,11,6,5,0.5454545454545454,0.8765880870219778,5,1,0,5,0.8333333333333334,1.0,1.0,0.8333333333333334,0.9090909090909091,1.0,1.0,0.04943295378149279,0.47947791451635385,5,2,3,1,0.16666666666666666,0.0,0.030053369748306635,0.5635028221864702,0.0,0.43448246478317476
catboost_all_depth4,CartridgeID,V20211219-G026-2,12,8,4,0.6666666666666666,0.8765880870219778,8,0,0,4,1.0,1.0,1.0,1.0,1.0,1.0,1.0,0.0015834110014216612,0.6807520279990564,4,2,4,2,0.0,0.0,0.0,0.32440756488388023,0.0,0.4898908364545973
catboost_all_depth4,CartridgeID,V20211219-G027-3,12,7,5,0.5833333333333334,0.8765880870219778,6,1,0,5,0.8571428571428571,1.0,1.0,0.8333333333333334,0.9166666666666666,1.0,0.9999999999999998,0.006003421338364299,0.5796801694239643,5,2,4,1,0.14285714285714285,0.0,0.02567962434474355,0.5131278292743189,0.0,0.43448246478317476
catboost_all_depth4,CartridgeID,V20211219-G028-4,12,7,5,0.5833333333333334,0.8765880870219778,7,0,0,5,1.0,1.0,1.0,1.0,1.0,1.0,0.9999999999999998,0.021437018509455535,0.6190878244497012,5,2,4,1,0.0,0.0,5.551115123125783e-17,0.35433043506668743,0.0,0.43448246478317476
catboost_all_depth4,CartridgeID,V20211221-G029-1,12,3,9,0.25,0.8765880870219778,1,2,0,9,0.3333333333333333,1.0,1.0,0.8181818181818182,0.8333333333333334,0.5925925925925926,0.5833333333333333,0.22236662001843366,0.28561138421162324,9,2,1,0,0.6666666666666666,0.0,0.2076596008020477,0.9385080552796037,0.0,0.2991450484195441
catboost_all_depth4,CartridgeID,V20211221-G030-2,11,2,9,0.18181818181818182,0.8765880870219778,2,0,0,9,1.0,1.0,1.0,1.0,1.0,1.0,1.0,0.07914373555979938,0.3099835683228123,9,1,1,0,0.0,0.0,0.0,0.6576197724933469,0.0,0.2991450484195441
catboost_all_depth4,CartridgeID,V20211221-G031-3,11,1,10,0.09090909090909091,0.8765880870219778,1,0,1,9,1.0,0.9,0.5,1.0,0.9090909090909091,1.0,1.0,0.10691494214719005,0.2927178512653259,10,1,0,0,0.0,0.1,0.0,0.7934506856227626,0.017876213095072896,0.4041500267952385
catboost_all_depth4,ScannerID,2010C0748,345,169,176,0.48985507246376814,0.8765880870219778,144,25,8,168,0.8520710059171598,0.9545454545454546,0.9473684210526315,0.8704663212435233,0.9043478260869565,0.9687668101129641,0.9715838816061155,0.07828898075276164,0.5265172152727765,176,56,95,18,0.14792899408284024,0.045454545454545456,0.10225021314643512,0.20925756506868232,0.02320977688004896,0.08711772463603079
logistic_all,Date,20211130,91,48,43,0.5274725274725275,0.8536733723106492,38,10,4,39,0.7916666666666666,0.9069767441860465,0.9047619047619048,0.7959183673469388,0.8461538461538461,0.9326550387596899,0.9372117076094956,0.10859210283237862,0.5548408437996506,43,16,26,6,0.20833333333333334,0.09302325581395349,0.11730272957905595,0.34258901272617925,0.03677164063171276,0.21602703641253587
logistic_all,Date,20211201,43,21,22,0.4883720930232558,0.8536733723106492,15,6,2,20,0.7142857142857143,0.9090909090909091,0.8823529411764706,0.7692307692307693,0.813953488372093,0.91991341991342,0.9262793863984342,0.1195900500299911,0.5270155412749443,22,6,13,2,0.2857142857142857,0.09090909090909091,0.1381386295212213,0.49956380716085597,0.025295428990995267,0.27814946841605814
logistic_all,Date,20211202,43,21,22,0.4883720930232558,0.8536733723106492,19,2,1,21,0.9047619047619048,0.9545454545454546,0.95,0.9130434782608695,0.9302325581395349,0.9653679653679652,0.9702450570871626,0.0893002648302107,0.5604911377700589,22,7,13,1,0.09523809523809523,0.045454545454545456,0.02651876743807452,0.2891413907391826,0.00806942762126385,0.21798045838657332
logistic_all,Date,20211203,42,21,21,0.5,0.8536733723106492,17,4,0,21,0.8095238095238095,1.0,1.0,0.84,0.9047619047619048,0.9863945578231292,0.9880519480519481,0.04874217783592936,0.5086174969907129,21,8,11,2,0.19047619047619047,0.0,0.07667565052761793,0.40000564690204926,0.0,0.154639018924847
logistic_all,Date,20211210,45,24,21,0.5333333333333333,0.8536733723106492,21,3,0,21,0.875,1.0,1.0,0.875,0.9333333333333333,0.9940476190476191,0.9950587606837606,0.03463037019569285,0.5476583498493213,21,7,15,2,0.125,0.0,0.04344334080123444,0.31003881270500067,0.0,0.154639018924847
logistic_all,Date,20211216,47,28,19,0.5957446808510638,0.8536733723106492,23,5,0,19,0.8214285714285714,1.0,1.0,0.7916666666666666,0.8936170212765957,0.9661654135338347,0.9805689152463345,0.07840145422883305,0.5736412462240038,19,8,15,5,0.17857142857142858,0.0,0.07878501945604277,0.35591424789342946,0.0,0.16817922405261626
logistic_all,Date,20211221,34,6,28,0.17647058823529413,0.8536733723106492,3,3,1,27,0.5,0.9642857142857143,0.75,0.9,0.8823529411764706,0.8333333333333334,0.7634920634920634,0.10146244859726009,0.2546832590714196,28,4,2,0,0.5,0.03571428571428571,0.1876163064826506,0.8123836935173494,0.0063325198490377516,0.1771219774335332
logistic_all,CartridgeID,V20211130-G001-1,11,6,5,0.5454545454545454,0.8536733723106492,5,1,1,4,0.8333333333333334,0.8,0.8333333333333334,0.8,0.8181818181818182,0.9666666666666668,0.976190476190476,0.12071405622192612,0.6920640034340337,5,2,3,1,0.16666666666666666,0.2,0.030053369748306635,0.5635028221864702,0.03622410863243014,0.6244653702374747
logistic_all,CartridgeID,V20211130-G002-2,11,6,5,0.5454545454545454,0.8536733723106492,3,3,1,4,0.5,0.8,0.75,0.5714285714285714,0.6363636363636364,0.7333333333333333,0.7662698412698411,0.2575843939779467,0.46810763849041576,5,2,3,1,0.5,0.2,0.1876163064826506,0.8123836935173494,0.03622410863243014,0.6244653702374747
logistic_all,CartridgeID,V20211130-G003-3,11,5,6,0.45454545454545453,0.8536733723106492,4,1,1,5,0.8,0.8333333333333334,0.8,0.8333333333333334,0.8181818181818182,0.9333333333333333,0.9266666666666665,0.14633801084200623,0.6133448061522411,6,2,3,0,0.2,0.16666666666666666,0.03622410863243014,0.6244653702374747,0.030053369748306635,0.5635028221864702
logistic_all,CartridgeID,V20211130-G004-4,12,7,5,0.5833333333333334,0.8536733723106492,7,0,0,5,1.0,1.0,1.0,1.0,1.0,1.0,0.9999999999999998,0.006480007159976416,0.5995635204281101,5,2,4,1,0.0,0.0,5.551115123125783e-17,0.35433043506668743,0.0,0.43448246478317476
logistic_all,CartridgeID,V20211201-G011-1,11,5,6,0.45454545454545453,0.8536733723106492,3,2,1,5,0.6,0.8333333333333334,0.75,0.7142857142857143,0.7272727272727273,0.9333333333333333,0.9266666666666665,0.13400917394554843,0.43719849300194585,6,2,3,0,0.4,0.16666666666666666,0.11762077423264783,0.769275718723987,0.030053369748306635,0.5635028221864702
logistic_all,CartridgeID,V20211201-G012-2,10,5,5,0.5,0.8536733723106492,4,1,1,4,0.8,0.8,0.8,0.8,0.8,0.88,0.925,0.1907727203106288,0.6396319191927508,5,1,3,1,0.2,0.2,0.03622410863243014,0.6244653702374747,0.03622410863243014,0.6244653702374747
logistic_all,CartridgeID,V20211201-G013-3,11,5,6,0.45454545454545453,0.8536733723106492,4,1,0,6,0.8,1.0,1.0,0.8571428571428571,0.9090909090909091,1.0,1.0,0.028291957214360088,0.45541610025137697,6,2,3,0,0.2,0.0,0.03622410863243014,0.6244653702374747,2.7755575615628914e-17,0.3903342879021653
logistic_all,CartridgeID,V20211201-G014-4,11,6,5,0.5454545454545454,0.8536733723106492,4,2,0,5,0.6666666666666666,1.0,1.0,0.7142857142857143,0.8181818181818182,0.9,0.9305555555555556,0.13175750049312143,0.5860535051916861,5,1,4,1,0.3333333333333333,0.0,0.09677141110578041,0.700006684861608,0.0,0.43448246478317476
logistic_all,CartridgeID,V20211202-G007-1,10,4,6,0.4,0.8536733723106492,3,1,0,6,0.75,1.0,1.0,0.8571428571428571,0.9,1.0,1.0,0.04169046604520329,0.4360469870321394,6,2,2,0,0.25,0.0,0.04558726080970055,0.6993581574175981,2.7755575615628914e-17,0.3903342879021653
logistic_all,CartridgeID,V20211202-G008-2,12,7,5,0.5833333333333334,0.8536733723106492,7,0,0,5,1.0,1.0,1.0,1.0,1.0,1.0,0.9999999999999998,0.08625674230949294,0.7234480498116594,5,2,4,1,0.0,0.0,5.551115123125783e-17,0.35433043506668743,0.0,0.43448246478317476
logistic_all,CartridgeID,V20211202-G009-3,10,4,6,0.4,0.8536733723106492,4,0,0,6,1.0,1.0,1.0,1.0,1.0,1.0,1.0,0.06016617549676857,0.496135191230223,6,1,3,0,0.0,0.0,0.0,0.4898908364545973,2.7755575615628914e-17,0.3903342879021653
logistic_all,CartridgeID,V20211202-G010-4,11,6,5,0.5454545454545454,0.8536733723106492,5,1,1,4,0.8333333333333334,0.8,0.8333333333333334,0.8,0.8181818181818182,0.9333333333333333,0.9484126984126984,0.16238764223322052,0.5543564130680904,5,2,4,0,0.16666666666666666,0.2,0.030053369748306635,0.5635028221864702,0.03622410863243014,0.6244653702374747
logistic_all,CartridgeID,V20211203-G005-1,9,3,6,0.3333333333333333,0.8536733723106492,3,0,0,6,1.0,1.0,1.0,1.0,1.0,1.0,1.0,0.002161851102385879,0.3255153116917695,6,2,1,0,0.0,0.0,5.551115123125783e-17,0.5614970317550454,2.7755575615628914e-17,0.3903342879021653
logistic_all,CartridgeID,V20211203-G006-2,10,6,4,0.6,0.8536733723106492,5,1,0,4,0.8333333333333334,1.0,1.0,0.8,0.9,1.0,1.0,0.08882128440348391,0.7321207489583427,4,2,3,1,0.16666666666666666,0.0,0.030053369748306635,0.5635028221864702,0.0,0.4898908364545973
logistic_all,CartridgeID,V20211203-G015-3,11,5,6,0.45454545454545453,0.8536733723106492,4,1,0,6,0.8,1.0,1.0,0.8571428571428571,0.9090909090909091,1.0,1.0,0.025028915845325538,0.4257263080535006,6,2,3,0,0.2,0.0,0.03622410863243014,0.6244653702374747,2.7755575615628914e-17,0.3903342879021653
logistic_all,CartridgeID,V20211203-G016-4,12,7,5,0.5833333333333334,0.8536733723106492,5,2,0,5,0.7142857142857143,1.0,1.0,0.7142857142857143,0.8333333333333334,0.9714285714285715,0.982142857142857,0.07201532423784503,0.5356750158510071,5,2,4,1,0.2857142857142857,0.0,0.08221892400405678,0.6410655481673808,0.0,0.43448246478317476
logistic_all,CartridgeID,V20211209-G017-1,11,5,6,0.45454545454545453,0.8536733723106492,5,0,0,6,1.0,1.0,1.0,1.0,1.0,1.0,1.0,0.0027287353170296733,0.4688944264344786,6,2,2,1,0.0,0.0,0.0,0.43448246478317476,2.7755575615628914e-17,0.3903342879021653
logistic_all,CartridgeID,V20211209-G018-2,12,7,5,0.5833333333333334,0.8536733723106492,7,0,0,5,1.0,1.0,1.0,1.0,1.0,1.0,0.9999999999999998,0.054299661898542816,0.6426725998158732,5,2,4,1,0.0,0.0,5.551115123125783e-17,0.35433043506668743,0.0,0.43448246478317476
logistic_all,CartridgeID,V20211209-G019-3,11,5,6,0.45454545454545453,0.8536733723106492,2,3,1,5,0.4,0.8333333333333334,0.6666666666666666,0.625,0.6363636363636364,0.7333333333333334,0.7277777777777779,0.2596239910713346,0.4306442156020927,6,2,3,0,0.6,0.16666666666666666,0.2307242812760128,0.882379225767352,0.030053369748306635,0.5635028221864702
logistic_all,CartridgeID,V20211209-G020-4,12,7,5,0.5833333333333334,0.8536733723106492,5,2,0,5,0.7142857142857143,1.0,1.0,0.7142857142857143,0.8333333333333334,1.0,0.9999999999999998,0.041303688942629,0.5150064459662104,5,2,4,1,0.2857142857142857,0.0,0.08221892400405678,0.6410655481673808,0.0,0.43448246478317476
logistic_all,CartridgeID,V20211210-G021-1,11,5,6,0.45454545454545453,0.8536733723106492,4,1,0,6,0.8,1.0,1.0,0.8571428571428571,0.9090909090909091,0.9666666666666667,0.9666666666666666,0.05614785332929916,0.45785574447092864,6,2,3,0,0.2,0.0,0.03622410863243014,0.6244653702374747,2.7755575615628914e-17,0.3903342879021653
logistic_all,CartridgeID,V20211210-G022-2,11,6,5,0.5454545454545454,0.8536733723106492,6,0,0,5,1.0,1.0,1.0,1.0,1.0,1.0,1.0,0.006725805466610859,0.5545765046963799,5,1,4,1,0.0,0.0,2.7755575615628914e-17,0.3903342879021653,0.0,0.43448246478317476
logistic_all,CartridgeID,V20211210-G023-3,11,6,5,0.5454545454545454,0.8536733723106492,6,0,0,5,1.0,1.0,1.0,1.0,1.0,1.0,1.0,0.030075772742704253,0.6031956206598861,5,2,4,0,0.0,0.0,2.7755575615628914e-17,0.3903342879021653,0.0,0.43448246478317476
logistic_all,CartridgeID,V20211210-G024-4,12,7,5,0.5833333333333334,0.8536733723106492,5,2,0,5,0.7142857142857143,1.0,1.0,0.7142857142857143,0.8333333333333334,1.0,0.9999999999999998,0.04466024265678511,0.5727265979266932,5,2,4,1,0.2857142857142857,0.0,0.08221892400405678,0.6410655481673808,0.0,0.43448246478317476
logistic_all,CartridgeID,V20211219-G025-1,11,6,5,0.5454545454545454,0.8536733723106492,4,2,0,5,0.6666666666666666,1.0,1.0,0.7142857142857143,0.8181818181818182,1.0,1.0,0.09925274690783673,0.4240402250398322,5,2,3,1,0.3333333333333333,0.0,0.09677141110578041,0.700006684861608,0.0,0.43448246478317476
logistic_all,CartridgeID,V20211219-G026-2,12,8,4,0.6666666666666666,0.8536733723106492,7,1,0,4,0.875,1.0,1.0,0.8,0.9166666666666666,1.0,1.0,0.026920760466845925,0.7032312330574618,4,2,4,2,0.125,0.0,0.02241749145005667,0.4708881822128535,0.0,0.4898908364545973
logistic_all,CartridgeID,V20211219-G027-3,12,7,5,0.5833333333333334,0.8536733723106492,5,2,0,5,0.7142857142857143,1.0,1.0,0.7142857142857143,0.8333333333333334,0.8857142857142857,0.9325396825396823,0.15412537447589286,0.5115146774211137,5,2,4,1,0.2857142857142857,0.0,0.08221892400405678,0.6410655481673808,0.0,0.43448246478317476
logistic_all,CartridgeID,V20211219-G028-4,12,7,5,0.5833333333333334,0.8536733723106492,7,0,0,5,1.0,1.0,1.0,1.0,1.0,1.0,0.9999999999999998,0.03504454278800697,0.6433120976122597,5,2,4,1,0.0,0.0,5.551115123125783e-17,0.35433043506668743,0.0,0.43448246478317476
logistic_all,CartridgeID,V20211221-G029-1,12,3,9,0.25,0.8536733723106492,1,2,1,8,0.3333333333333333,0.8888888888888888,0.5,0.8,0.75,0.6296296296296295,0.6388888888888888,0.1717695361493428,0.24704380016744223,9,2,1,0,0.6666666666666666,0.1111111111111111,0.2076596008020477,0.9385080552796037,0.019890887638544907,0.434999705576656
logistic_all,CartridgeID,V20211221-G030-2,11,2,9,0.18181818181818182,0.8536733723106492,1,1,0,9,0.5,1.0,1.0,0.9,0.9090909090909091,1.0,1.0,0.03385116494756477,0.25841944308695886,9,1,1,0,0.5,0.0,0.09453120573423074,0.9054687942657693,0.0,0.2991450484195441
logistic_all,CartridgeID,V20211221-G031-3,11,1,10,0.09090909090909091,0.8536733723106492,1,0,0,10,1.0,1.0,1.0,1.0,1.0,1.0,1.0,0.09237509128104703,0.2592810302238557,10,1,0,0,0.0,0.0,0.0,0.7934506856227626,0.0,0.2775327998628892
logistic_all,ScannerID,2010C0748,345,169,176,0.48985507246376814,0.8536733723106492,136,33,8,168,0.8047337278106509,0.9545454545454546,0.9444444444444444,0.835820895522388,0.881159420289855,0.9556885422270038,0.9579113432616737,0.08580954963974592,0.518493431833302,176,56,95,18,0.1952662721893491,0.045454545454545456,0.14255546229452784,0.2615226986815822,0.02320977688004896,0.08711772463603079
single_gene_IFNG,Date,20211130,91,48,43,0.5274725274725275,0.5207579856992155,40,8,18,25,0.8333333333333334,0.5813953488372093,0.6896551724137931,0.7575757575757576,0.7142857142857143,0.8347868217054264,0.8517201292976194,0.176469955708655,0.6223700564133292,43,16,26,6,0.16666666666666666,0.4186046511627907,0.08695513576485567,0.295778284012556,0.28384550927849195,0.5667142261303578
single_gene_IFNG,Date,20211201,43,21,22,0.4883720930232558,0.5207579856992155,21,0,12,10,1.0,0.45454545454545453,0.6363636363636364,1.0,0.7209302325581395,0.8528138528138527,0.8073269960119438,0.20849136705550453,0.6909543376471377,22,6,13,2,0.0,0.5454545454545454,0.0,0.154639018924847,0.3465979532073494,0.7307970581918668
single_gene_IFNG,Date,20211202,43,21,22,0.4883720930232558,0.5207579856992155,21,0,14,8,1.0,0.36363636363636365,0.6,1.0,0.6744186046511628,0.8744588744588745,0.8644648809373121,0.20518737597930392,0.6970118155627358,22,7,13,1,0.0,0.6363636363636364,0.0,0.154639018924847,0.42951708090131013,0.8026679532963387
single_gene_IFNG,Date,20211203,42,21,21,0.5,0.5207579856992155,19,2,8,13,0.9047619047619048,0.6190476190476191,0.7037037037037037,0.8666666666666667,0.7619047619047619,0.8956916099773242,0.8692332946755768,0.15989639115228743,0.626674722135099,21,8,11,2,0.09523809523809523,0.38095238095238093,0.02651876743807452,0.2891413907391826,0.20751011368564493,0.5912134622488425
single_gene_IFNG,Date,20211210,45,24,21,0.5333333333333333,0.5207579856992155,23,1,7,14,0.9583333333333334,0.6666666666666666,0.7666666666666667,0.9333333333333333,0.8222222222222222,0.8551587301587302,0.7939176981433755,0.15150763867641753,0.6136130720732436,21,7,15,2,0.041666666666666664,0.3333333333333333,0.0073934561655057685,0.20241806478655938,0.17194752605083477,0.5462654802574476
single_gene_IFNG,Date,20211216,47,28,19,0.5957446808510638,0.5207579856992155,27,1,4,15,0.9642857142857143,0.7894736842105263,0.8709677419354839,0.9375,0.8936170212765957,0.9417293233082707,0.9613249532768086,0.11487747475140288,0.6429423620132547,19,8,15,5,0.03571428571428571,0.21052631578947367,0.0063325198490377516,0.1771219774335332,0.08507676632916253,0.43334278443814167
single_gene_IFNG,Date,20211221,34,6,28,0.17647058823529413,0.5207579856992155,4,2,12,16,0.6666666666666666,0.5714285714285714,0.25,0.8888888888888888,0.5882352941176471,0.5892857142857142,0.3133594374973685,0.3254371928408519,0.5585181635029353,28,4,2,0,0.3333333333333333,0.42857142857142855,0.09677141110578041,0.700006684861608,0.26508547124123694,0.6092921437253123
single_gene_IFNG,CartridgeID,V20211130-G001-1,11,6,5,0.5454545454545454,0.5207579856992155,5,1,2,3,0.8333333333333334,0.6,0.7142857142857143,0.75,0.7272727272727273,0.9,0.9305555555555556,0.1555266072983832,0.6277708977448225,5,2,3,1,0.16666666666666666,0.4,0.030053369748306635,0.5635028221864702,0.11762077423264783,0.769275718723987
single_gene_IFNG,CartridgeID,V20211130-G002-2,11,6,5,0.5454545454545454,0.5207579856992155,4,2,3,2,0.6666666666666666,0.4,0.5714285714285714,0.5,0.5454545454545454,0.6333333333333333,0.7041666666666666,0.26358259920416555,0.6038845396856144,5,2,3,1,0.3333333333333333,0.6,0.09677141110578041,0.700006684861608,0.2307242812760128,0.882379225767352
single_gene_IFNG,CartridgeID,V20211130-G003-3,11,5,6,0.45454545454545453,0.5207579856992155,5,0,3,3,1.0,0.5,0.625,1.0,0.7272727272727273,0.8,0.7961904761904761,0.2198786622000245,0.6520014873381276,6,2,3,0,0.0,0.5,0.0,0.43448246478317476,0.1876163064826506,0.8123836935173494
single_gene_IFNG,CartridgeID,V20211130-G004-4,12,7,5,0.5833333333333334,0.5207579856992155,7,0,5,0,1.0,0.0,0.5833333333333334,,0.5833333333333334,0.9714285714285715,0.982142857142857,0.20924213395896515,0.789228255927232,5,2,4,1,0.0,1.0,5.551115123125783e-17,0.35433043506668743,0.5655175352168251,1.0
single_gene_IFNG,CartridgeID,V20211201-G011-1,11,5,6,0.45454545454545453,0.5207579856992155,5,0,2,4,1.0,0.6666666666666666,0.7142857142857143,1.0,0.8181818181818182,0.8333333333333334,0.71,0.1646208448290386,0.6173857579137902,6,2,3,0,0.0,0.3333333333333333,0.0,0.43448246478317476,0.09677141110578041,0.700006684861608
single_gene_IFNG,CartridgeID,V20211201-G012-2,10,5,5,0.5,0.5207579856992155,5,0,4,1,1.0,0.2,0.5555555555555556,1.0,0.6,0.7200000000000001,0.7544444444444445,0.26687641860661804,0.7289298101116058,5,1,3,1,0.0,0.8,0.0,0.43448246478317476,0.37553462976252533,0.9637758913675698
single_gene_IFNG,CartridgeID,V20211201-G013-3,11,5,6,0.45454545454545453,0.5207579856992155,5,0,4,2,1.0,0.3333333333333333,0.5555555555555556,1.0,0.6363636363636364,0.8666666666666667,0.81,0.2144273690391292,0.6970518751817777,6,2,3,0,0.0,0.6666666666666666,0.0,0.43448246478317476,0.299993315138392,0.9032285888942195
single_gene_IFNG,CartridgeID,V20211201-G014-4,11,6,5,0.5454545454545454,0.5207579856992155,6,0,2,3,1.0,0.6,0.75,1.0,0.8181818181818182,0.8666666666666667,0.9107142857142856,0.19334856770642456,0.7239022230599648,5,1,4,1,0.0,0.4,2.7755575615628914e-17,0.3903342879021653,0.11762077423264783,0.769275718723987
single_gene_IFNG,CartridgeID,V20211202-G007-1,10,4,6,0.4,0.5207579856992155,4,0,2,4,1.0,0.6666666666666666,0.6666666666666666,1.0,0.8,0.7500000000000001,0.6083333333333333,0.2201100579493776,0.5853270780547357,6,2,2,0,0.0,0.3333333333333333,0.0,0.4898908364545973,0.09677141110578041,0.700006684861608
single_gene_IFNG,CartridgeID,V20211202-G008-2,12,7,5,0.5833333333333334,0.5207579856992155,7,0,4,1,1.0,0.2,0.6363636363636364,1.0,0.6666666666666666,0.9714285714285715,0.982142857142857,0.15848754628069203,0.7480544821259792,5,2,4,1,0.0,0.8,5.551115123125783e-17,0.35433043506668743,0.37553462976252533,0.9637758913675698
single_gene_IFNG,CartridgeID,V20211202-G009-3,10,4,6,0.4,0.5207579856992155,4,0,5,1,1.0,0.16666666666666666,0.4444444444444444,1.0,0.5,0.9166666666666667,0.9166666666666666,0.2783538487944316,0.7421684035440225,6,1,3,0,0.0,0.8333333333333334,0.0,0.4898908364545973,0.43649717781352987,0.9699466302516935
single_gene_IFNG,CartridgeID,V20211202-G010-4,11,6,5,0.5454545454545454,0.5207579856992155,6,0,3,2,1.0,0.4,0.6666666666666666,1.0,0.7272727272727273,0.8666666666666667,0.8734126984126983,0.1760515949366975,0.7018090425180282,5,2,4,0,0.0,0.6,2.7755575615628914e-17,0.3903342879021653,0.2307242812760128,0.882379225767352
single_gene_IFNG,CartridgeID,V20211203-G005-1,9,3,6,0.3333333333333333,0.5207579856992155,3,0,1,5,1.0,0.8333333333333334,0.75,1.0,0.8888888888888888,0.888888888888889,0.8055555555555556,0.12609441101793709,0.47260902569659297,6,2,1,0,0.0,0.16666666666666666,5.551115123125783e-17,0.5614970317550454,0.030053369748306635,0.5635028221864702
single_gene_IFNG,CartridgeID,V20211203-G006-2,10,6,4,0.6,0.5207579856992155,5,1,3,1,0.8333333333333334,0.25,0.625,0.5,0.6,0.7083333333333334,0.786111111111111,0.1995895330536249,0.7285008971286779,4,2,3,1,0.16666666666666666,0.75,0.030053369748306635,0.5635028221864702,0.30064184258240184,0.9544127391902995
single_gene_IFNG,CartridgeID,V20211203-G015-3,11,5,6,0.45454545454545453,0.5207579856992155,5,0,2,4,1.0,0.6666666666666666,0.7142857142857143,1.0,0.8181818181818182,1.0,1.0,0.14268625649208355,0.6136402999444278,6,2,3,0,0.0,0.3333333333333333,0.0,0.43448246478317476,0.09677141110578041,0.700006684861608
single_gene_IFNG,CartridgeID,V20211203-G016-4,12,7,5,0.5833333333333334,0.5207579856992155,6,1,2,3,0.8571428571428571,0.6,0.75,0.75,0.75,0.8857142857142857,0.9240362811791383,0.16794621477378927,0.6693170689774454,5,2,4,1,0.14285714285714285,0.4,0.02567962434474355,0.5131278292743189,0.11762077423264783,0.769275718723987
single_gene_IFNG,CartridgeID,V20211209-G017-1,11,5,6,0.45454545454545453,0.5207579856992155,3,2,2,4,0.6,0.6666666666666666,0.6,0.6666666666666666,0.6363636363636364,0.8,0.8444444444444443,0.16947565262391076,0.4999491481554084,6,2,2,1,0.4,0.3333333333333333,0.11762077423264783,0.769275718723987,0.09677141110578041,0.700006684861608
single_gene_IFNG,CartridgeID,V20211209-G018-2,12,7,5,0.5833333333333334,0.5207579856992155,7,0,0,5,1.0,1.0,1.0,1.0,1.0,1.0,0.9999999999999998,0.0805133797864145,0.6345487684233898,5,2,4,1,0.0,0.0,5.551115123125783e-17,0.35433043506668743,0.0,0.43448246478317476
single_gene_IFNG,CartridgeID,V20211209-G019-3,11,5,6,0.45454545454545453,0.5207579856992155,2,3,2,4,0.4,0.6666666666666666,0.5,0.5714285714285714,0.5454545454545454,0.6333333333333333,0.5787301587301587,0.23188747186991393,0.5251152535058055,6,2,3,0,0.6,0.3333333333333333,0.2307242812760128,0.882379225767352,0.09677141110578041,0.700006684861608
single_gene_IFNG,CartridgeID,V20211209-G020-4,12,7,5,0.5833333333333334,0.5207579856992155,7,0,1,4,1.0,0.8,0.875,1.0,0.9166666666666666,0.9142857142857144,0.9379251700680271,0.0948199066152227,0.6295346875564943,5,2,4,1,0.0,0.2,5.551115123125783e-17,0.35433043506668743,0.03622410863243014,0.6244653702374747
single_gene_IFNG,CartridgeID,V20211210-G021-1,11,5,6,0.45454545454545453,0.5207579856992155,4,1,2,4,0.8,0.6666666666666666,0.6666666666666666,0.8,0.7272727272727273,0.7333333333333334,0.6295238095238095,0.19245329814665207,0.5205104469865044,6,2,3,0,0.2,0.3333333333333333,0.03622410863243014,0.6244653702374747,0.09677141110578041,0.700006684861608
single_gene_IFNG,CartridgeID,V20211210-G022-2,11,6,5,0.5454545454545454,0.5207579856992155,6,0,2,3,1.0,0.6,0.75,1.0,0.8181818181818182,0.8666666666666667,0.8734126984126983,0.11921928558149766,0.6100487550075934,5,1,4,1,0.0,0.4,2.7755575615628914e-17,0.3903342879021653,0.11762077423264783,0.769275718723987
single_gene_IFNG,CartridgeID,V20211210-G023-3,11,6,5,0.5454545454545454,0.5207579856992155,6,0,1,4,1.0,0.8,0.8571428571428571,1.0,0.9090909090909091,0.8333333333333334,0.8178571428571427,0.16245870130865264,0.6441001830671138,5,2,4,0,0.0,0.2,2.7755575615628914e-17,0.3903342879021653,0.03622410863243014,0.6244653702374747
single_gene_IFNG,CartridgeID,V20211210-G024-4,12,7,5,0.5833333333333334,0.5207579856992155,7,0,2,3,1.0,0.6,0.7777777777777778,1.0,0.8333333333333334,0.9714285714285715,0.982142857142857,0.13353330041949682,0.6742779173018859,5,2,4,1,0.0,0.4,5.551115123125783e-17,0.35433043506668743,0.11762077423264783,0.769275718723987
single_gene_IFNG,CartridgeID,V20211219-G025-1,11,6,5,0.5454545454545454,0.5207579856992155,5,1,1,4,0.8333333333333334,0.8,0.8333333333333334,0.8,0.8181818181818182,0.8666666666666667,0.9166666666666665,0.16461066269223948,0.57756998033042,5,2,3,1,0.16666666666666666,0.2,0.030053369748306635,0.5635028221864702,0.03622410863243014,0.6244653702374747
single_gene_IFNG,CartridgeID,V20211219-G026-2,12,8,4,0.6666666666666666,0.5207579856992155,8,0,1,3,1.0,0.75,0.8888888888888888,1.0,0.9166666666666666,0.9375,0.9704861111111112,0.11622884100821756,0.6939243958382123,4,2,4,2,0.0,0.25,0.0,0.32440756488388023,0.04558726080970055,0.6993581574175981
single_gene_IFNG,CartridgeID,V20211219-G027-3,12,7,5,0.5833333333333334,0.5207579856992155,7,0,2,3,1.0,0.6,0.7777777777777778,1.0,0.8333333333333334,0.9714285714285715,0.982142857142857,0.10921276936411477,0.657503981881059,5,2,4,1,0.0,0.4,5.551115123125783e-17,0.35433043506668743,0.11762077423264783,0.769275718723987
single_gene_IFNG,CartridgeID,V20211219-G028-4,12,7,5,0.5833333333333334,0.5207579856992155,7,0,0,5,1.0,1.0,1.0,1.0,1.0,1.0,0.9999999999999998,0.07360205826944274,0.6373233915297584,5,2,4,1,0.0,0.0,5.551115123125783e-17,0.35433043506668743,0.0,0.43448246478317476
single_gene_IFNG,CartridgeID,V20211221-G029-1,12,3,9,0.25,0.5207579856992155,2,1,2,7,0.6666666666666666,0.7777777777777778,0.5,0.875,0.75,0.7037037037037037,0.6111111111111112,0.20990947685388092,0.49106417107664785,9,2,1,0,0.3333333333333333,0.2222222222222222,0.06149194472039621,0.7923403991979522,0.06322510711784671,0.5474110308930111
single_gene_IFNG,CartridgeID,V20211221-G030-2,11,2,9,0.18181818181818182,0.5207579856992155,1,1,4,5,0.5,0.5555555555555556,0.2,0.8333333333333334,0.5454545454545454,0.7222222222222222,0.6428571428571428,0.29981204475385925,0.5091424001251301,9,1,1,0,0.5,0.4444444444444444,0.09453120573423074,0.9054687942657693,0.18877852109766452,0.733348706504507
single_gene_IFNG,CartridgeID,V20211221-G031-3,11,1,10,0.09090909090909091,0.5207579856992155,1,0,6,4,1.0,0.4,0.14285714285714285,1.0,0.45454545454545453,0.4,0.14285714285714285,0.4770925765499946,0.6814801004366902,10,1,0,0,0.0,0.6,0.0,0.7934506856227626,0.31267376973365824,0.8318196702937638
single_gene_IFNG,ScannerID,2010C0748,345,169,176,0.48985507246376814,0.5207579856992155,155,14,75,101,0.9171597633136095,0.5738636363636364,0.6739130434782609,0.8782608695652174,0.7420289855072464,0.8424220010758472,0.7943738195631976,0.18505666654702646,0.6361132025168996,176,56,95,18,0.08284023668639054,0.42613636363636365,0.049985852761349,0.13423764915740352,0.3554229333262941,0.5000052856700691
training_prevalence,Date,20211130,91,48,43,0.5274725274725275,0.5,48,0,43,0,1.0,0.0,0.5274725274725275,,0.5274725274725275,0.5,0.5274725274725275,0.2670046734376722,0.6607369758576873,43,16,26,6,0.0,1.0,6.938893903907228e-18,0.07410012966611748,0.9179901967742088,1.0
training_prevalence,Date,20211201,43,21,22,0.4883720930232558,0.5,21,0,22,0,1.0,0.0,0.4883720930232558,,0.4883720930232558,0.5,0.4883720930232558,0.27957444461386755,0.6607369758576875,22,6,13,2,0.0,1.0,0.0,0.154639018924847,0.8513451253913791,1.0
training_prevalence,Date,20211202,43,21,22,0.4883720930232558,0.5,21,0,22,0,1.0,0.0,0.4883720930232558,,0.4883720930232558,0.5,0.4883720930232558,0.27957444461386755,0.6607369758576875,22,7,13,1,0.0,1.0,0.0,0.154639018924847,0.8513451253913791,1.0
training_prevalence,Date,20211203,42,21,21,0.5,0.5,21,0,21,0,1.0,0.0,0.5,,0.5,0.5,0.5,0.2758363754078748,0.6607369758576874,21,8,11,2,0.0,1.0,0.0,0.154639018924847,0.8453609810751531,1.0
training_prevalence,Date,20211210,45,24,21,0.5333333333333333,0.5,24,0,21,0,1.0,0.0,0.5333333333333333,,0.5333333333333333,0.5,0.5333333333333333,0.2651205770173623,0.6607369758576875,21,7,15,2,0.0,1.0,1.3877787807814457e-17,0.13797620467498017,0.8453609810751531,1.0
training_prevalence,Date,20211216,47,28,19,0.5957446808510638,0.5,28,0,19,0,1.0,0.0,0.5957446808510638,,0.5957446808510638,0.5,0.5957446808510638,0.24505695449895593,0.6607369758576875,19,8,15,5,0.0,1.0,1.3877787807814457e-17,0.12064330476584563,0.8318207759473837,1.0
training_prevalence,Date,20211221,34,6,28,0.17647058823529413,0.5,6,0,28,0,1.0,0.0,0.17647058823529413,,0.17647058823529413,0.5,0.17647058823529413,0.3798426539040255,0.6607369758576874,28,4,2,0,0.0,1.0,2.7755575615628914e-17,0.3903342879021653,0.8793566952341543,0.9999999999999998
training_prevalence,CartridgeID,V20211130-G001-1,11,6,5,0.5454545454545454,0.5,6,0,5,0,1.0,0.0,0.5454545454545454,,0.5454545454545454,0.5,0.5454545454545454,0.26122392305717596,0.6607369758576873,5,2,3,1,0.0,1.0,2.7755575615628914e-17,0.3903342879021653,0.5655175352168251,1.0
training_prevalence,CartridgeID,V20211130-G002-2,11,6,5,0.5454545454545454,0.5,6,0,5,0,1.0,0.0,0.5454545454545454,,0.5454545454545454,0.5,0.5454545454545454,0.26122392305717596,0.6607369758576873,5,2,3,1,0.0,1.0,2.7755575615628914e-17,0.3903342879021653,0.5655175352168251,1.0
training_prevalence,CartridgeID,V20211130-G003-3,11,5,6,0.45454545454545453,0.5,5,0,6,0,1.0,0.0,0.45454545454545453,,0.45454545454545453,0.5,0.45454545454545453,0.29044882775857367,0.6607369758576873,6,2,3,0,0.0,1.0,0.0,0.43448246478317476,0.6096657120978346,1.0
training_prevalence,CartridgeID,V20211130-G004-4,12,7,5,0.5833333333333334,0.5,7,0,5,0,1.0,0.0,0.5833333333333334,,0.5833333333333334,0.5,0.5833333333333334,0.24904687943159357,0.6607369758576873,5,2,4,1,0.0,1.0,5.551115123125783e-17,0.35433043506668743,0.5655175352168251,1.0
training_prevalence,CartridgeID,V20211201-G011-1,11,5,6,0.45454545454545453,0.5,5,0,6,0,1.0,0.0,0.45454545454545453,,0.45454545454545453,0.5,0.45454545454545453,0.29044882775857367,0.6607369758576873,6,2,3,0,0.0,1.0,0.0,0.43448246478317476,0.6096657120978346,1.0
training_prevalence,CartridgeID,V20211201-G012-2,10,5,5,0.5,0.5,5,0,5,0,1.0,0.0,0.5,,0.5,0.5,0.5,0.2758363754078748,0.6607369758576873,5,1,3,1,0.0,1.0,0.0,0.43448246478317476,0.5655175352168251,1.0
training_prevalence,CartridgeID,V20211201-G013-3,11,5,6,0.45454545454545453,0.5,5,0,6,0,1.0,0.0,0.45454545454545453,,0.45454545454545453,0.5,0.45454545454545453,0.29044882775857367,0.6607369758576873,6,2,3,0,0.0,1.0,0.0,0.43448246478317476,0.6096657120978346,1.0
training_prevalence,CartridgeID,V20211201-G014-4,11,6,5,0.5454545454545454,0.5,6,0,5,0,1.0,0.0,0.5454545454545454,,0.5454545454545454,0.5,0.5454545454545454,0.26122392305717596,0.6607369758576873,5,1,4,1,0.0,1.0,2.7755575615628914e-17,0.3903342879021653,0.5655175352168251,1.0
training_prevalence,CartridgeID,V20211202-G007-1,10,4,6,0.4,0.5,4,0,6,0,1.0,0.0,0.4,,0.4,0.5,0.4,0.3079837705794123,0.6607369758576873,6,2,2,0,0.0,1.0,0.0,0.4898908364545973,0.6096657120978346,1.0
training_prevalence,CartridgeID,V20211202-G008-2,12,7,5,0.5833333333333334,0.5,7,0,5,0,1.0,0.0,0.5833333333333334,,0.5833333333333334,0.5,0.5833333333333334,0.24904687943159354,0.6607369758576873,5,2,4,1,0.0,1.0,5.551115123125783e-17,0.35433043506668743,0.5655175352168251,1.0
training_prevalence,CartridgeID,V20211202-G009-3,10,4,6,0.4,0.5,4,0,6,0,1.0,0.0,0.4,,0.4,0.5,0.4,0.3079837705794123,0.6607369758576873,6,1,3,0,0.0,1.0,0.0,0.4898908364545973,0.6096657120978346,1.0
training_prevalence,CartridgeID,V20211202-G010-4,11,6,5,0.5454545454545454,0.5,6,0,5,0,1.0,0.0,0.5454545454545454,,0.5454545454545454,0.5,0.5454545454545454,0.26122392305717596,0.6607369758576873,5,2,4,0,0.0,1.0,2.7755575615628914e-17,0.3903342879021653,0.5655175352168251,1.0
training_prevalence,CartridgeID,V20211203-G005-1,9,3,6,0.3333333333333333,0.5,3,0,6,0,1.0,0.0,0.3333333333333333,,0.3333333333333333,0.5,0.3333333333333333,0.3294153673604373,0.6607369758576874,6,2,1,0,0.0,1.0,5.551115123125783e-17,0.5614970317550454,0.6096657120978346,1.0
training_prevalence,CartridgeID,V20211203-G006-2,10,6,4,0.6,0.5,6,0,4,0,1.0,0.0,0.6,,0.6,0.5,0.6,0.24368898023633728,0.6607369758576873,4,2,3,1,0.0,1.0,2.7755575615628914e-17,0.3903342879021653,0.5101091635454027,1.0
training_prevalence,CartridgeID,V20211203-G015-3,11,5,6,0.45454545454545453,0.5,5,0,6,0,1.0,0.0,0.45454545454545453,,0.45454545454545453,0.5,0.45454545454545453,0.29044882775857367,0.6607369758576873,6,2,3,0,0.0,1.0,0.0,0.43448246478317476,0.6096657120978346,1.0
training_prevalence,CartridgeID,V20211203-G016-4,12,7,5,0.5833333333333334,0.5,7,0,5,0,1.0,0.0,0.5833333333333334,,0.5833333333333334,0.5,0.5833333333333334,0.24904687943159354,0.6607369758576873,5,2,4,1,0.0,1.0,5.551115123125783e-17,0.35433043506668743,0.5655175352168251,1.0
training_prevalence,CartridgeID,V20211209-G017-1,11,5,6,0.45454545454545453,0.5,5,0,6,0,1.0,0.0,0.45454545454545453,,0.45454545454545453,0.5,0.45454545454545453,0.2904488277585736,0.6607369758576873,6,2,2,1,0.0,1.0,0.0,0.43448246478317476,0.6096657120978346,1.0
training_prevalence,CartridgeID,V20211209-G018-2,12,7,5,0.5833333333333334,0.5,7,0,5,0,1.0,0.0,0.5833333333333334,,0.5833333333333334,0.5,0.5833333333333334,0.24904687943159357,0.6607369758576873,5,2,4,1,0.0,1.0,5.551115123125783e-17,0.35433043506668743,0.5655175352168251,1.0
training_prevalence,CartridgeID,V20211209-G019-3,11,5,6,0.45454545454545453,0.5,5,0,6,0,1.0,0.0,0.45454545454545453,,0.45454545454545453,0.5,0.45454545454545453,0.29044882775857367,0.6607369758576873,6,2,3,0,0.0,1.0,0.0,0.43448246478317476,0.6096657120978346,1.0
training_prevalence,CartridgeID,V20211209-G020-4,12,7,5,0.5833333333333334,0.5,7,0,5,0,1.0,0.0,0.5833333333333334,,0.5833333333333334,0.5,0.5833333333333334,0.24904687943159354,0.6607369758576873,5,2,4,1,0.0,1.0,5.551115123125783e-17,0.35433043506668743,0.5655175352168251,1.0
training_prevalence,CartridgeID,V20211210-G021-1,11,5,6,0.45454545454545453,0.5,5,0,6,0,1.0,0.0,0.45454545454545453,,0.45454545454545453,0.5,0.45454545454545453,0.29044882775857367,0.6607369758576873,6,2,3,0,0.0,1.0,0.0,0.43448246478317476,0.6096657120978346,1.0
training_prevalence,CartridgeID,V20211210-G022-2,11,6,5,0.5454545454545454,0.5,6,0,5,0,1.0,0.0,0.5454545454545454,,0.5454545454545454,0.5,0.5454545454545454,0.26122392305717596,0.6607369758576873,5,1,4,1,0.0,1.0,2.7755575615628914e-17,0.3903342879021653,0.5655175352168251,1.0
training_prevalence,CartridgeID,V20211210-G023-3,11,6,5,0.5454545454545454,0.5,6,0,5,0,1.0,0.0,0.5454545454545454,,0.5454545454545454,0.5,0.5454545454545454,0.26122392305717596,0.6607369758576873,5,2,4,0,0.0,1.0,2.7755575615628914e-17,0.3903342879021653,0.5655175352168251,1.0
training_prevalence,CartridgeID,V20211210-G024-4,12,7,5,0.5833333333333334,0.5,7,0,5,0,1.0,0.0,0.5833333333333334,,0.5833333333333334,0.5,0.5833333333333334,0.24904687943159354,0.6607369758576873,5,2,4,1,0.0,1.0,5.551115123125783e-17,0.35433043506668743,0.5655175352168251,1.0
training_prevalence,CartridgeID,V20211219-G025-1,11,6,5,0.5454545454545454,0.5,6,0,5,0,1.0,0.0,0.5454545454545454,,0.5454545454545454,0.5,0.5454545454545454,0.26122392305717596,0.6607369758576873,5,2,3,1,0.0,1.0,2.7755575615628914e-17,0.3903342879021653,0.5655175352168251,1.0
training_prevalence,CartridgeID,V20211219-G026-2,12,8,4,0.6666666666666666,0.5,8,0,4,0,1.0,0.0,0.6666666666666666,,0.6666666666666666,0.5,0.6666666666666666,0.22225738345531232,0.6607369758576873,4,2,4,2,0.0,1.0,0.0,0.32440756488388023,0.5101091635454027,1.0
training_prevalence,CartridgeID,V20211219-G027-3,12,7,5,0.5833333333333334,0.5,7,0,5,0,1.0,0.0,0.5833333333333334,,0.5833333333333334,0.5,0.5833333333333334,0.24904687943159354,0.6607369758576873,5,2,4,1,0.0,1.0,5.551115123125783e-17,0.35433043506668743,0.5655175352168251,1.0
training_prevalence,CartridgeID,V20211219-G028-4,12,7,5,0.5833333333333334,0.5,7,0,5,0,1.0,0.0,0.5833333333333334,,0.5833333333333334,0.5,0.5833333333333334,0.24904687943159357,0.6607369758576873,5,2,4,1,0.0,1.0,5.551115123125783e-17,0.35433043506668743,0.5655175352168251,1.0
training_prevalence,CartridgeID,V20211221-G029-1,12,3,9,0.25,0.5,3,0,9,0,1.0,0.0,0.25,,0.25,0.5,0.25,0.35620486333671847,0.6607369758576873,9,2,1,0,0.0,1.0,5.551115123125783e-17,0.5614970317550454,0.7008549515804559,1.0
training_prevalence,CartridgeID,V20211221-G030-2,11,2,9,0.18181818181818182,0.5,2,0,9,0,1.0,0.0,0.18181818181818182,,0.18181818181818182,0.5,0.18181818181818182,0.3781235418627668,0.6607369758576873,9,1,1,0,0.0,1.0,0.0,0.6576197724933469,0.7008549515804559,1.0
training_prevalence,CartridgeID,V20211221-G031-3,11,1,10,0.09090909090909091,0.5,1,0,10,0,1.0,0.0,0.09090909090909091,,0.09090909090909091,0.5,0.09090909090909091,0.4073484465641645,0.6607369758576873,10,1,0,0,0.0,1.0,0.0,0.7934506856227626,0.7224672001371107,0.9999999999999999
training_prevalence,ScannerID,2010C0748,345,169,176,0.48985507246376814,0.5,169,0,176,0,1.0,0.0,0.48985507246376814,,0.48985507246376814,0.5,0.48985507246376814,0.2790977053528134,0.6607369758576873,176,56,95,18,0.0,1.0,0.0,0.022225332087015413,0.9786397483323124,1.0
